"Data Source","World Development Indicators",

"Last Updated Date","2025-06-05",

"Country Name","Country Code","Indicator Name","Indicator Code","1960","1961","1962","1963","1964","1965","1966","1967","1968","1969","1970","1971","1972","1973","1974","1975","1976","1977","1978","1979","1980","1981","1982","1983","1984","1985","1986","1987","1988","1989","1990","1991","1992","1993","1994","1995","1996","1997","1998","1999","2000","2001","2002","2003","2004","2005","2006","2007","2008","2009","2010","2011","2012","2013","2014","2015","2016","2017","2018","2019","2020","2021","2022","2023","2024",
"Aruba","ABW","Births attended by skilled health staff (% of total)","SH.STA.BRTC.ZS","","","","","","","","","","","","","","","","","","","","","","","","","","","","","","","","","","","","","","","","","","","96","","","","","","","","","","","","","","","","","","","","","","",
"Africa Eastern and Southern","AFE","Births attended by skilled health staff (% of total)","SH.STA.BRTC.ZS","","","","","","","","","","","","","","","","","","","","","","","","","","","","","","","","","","","","","","","","","40.9775282716067","","","","","","","","","","52.5499211944991","","","","","","","","","68.3458165141615","","","","","",
"Afghanistan","AFG","Births attended by skilled health staff (% of total)","SH.STA.BRTC.ZS","","","","","","","","","","","","","","","","","","","","","","","","","","","","","","","","","","","","","","","","","12.4","","","14.3","","","18.9","","24","","34.3","38.6","39.9","","45.2","50.5","","53.4","58.8","","61.8","","","","",
"Africa Western and Central","AFW","Births attended by skilled health staff (% of total)","SH.STA.BRTC.ZS","","","","","","","","","","","","","","","","","","","","","","","","","","","","","","","34.4537161212218","","","","","","","","","","42.0871667315861","","","","","","","","","","49.7133792545942","","","","","","","","","59.1454491806981","","","","","",
"Angola","AGO","Births attended by skilled health staff (% of total)","SH.STA.BRTC.ZS","","","","","","","","","","","","","","","","","","","","","","","","","","","","","","","","","","","","","22.5","","","","","44.7","","","","","","47.3","","","","","","","","","49.6","","","","","","","","",
"Albania","ALB","Births attended by skilled health staff (% of total)","SH.STA.BRTC.ZS","","","","","","","","","","","","","","","","","","","","","","","","","","","","","","92.7","93","92.6","86.4","87.2","89.1","89.1","91.2","98.8","99.1","99","99.1","99","98","98.8","99.3","99.8","99","","","99.3","","","","","","","","","99.8","","","","","","",
"Andorra","AND","Births attended by skilled health staff (% of total)","SH.STA.BRTC.ZS","","","","","","","","","","","","","","","","","","","","","","","","","","","","","","","","","","","","","","","","","","","","","","","","","","","","","","","","100","100","100","","","","","","","",
"Arab World","ARB","Births attended by skilled health staff (% of total)","SH.STA.BRTC.ZS","","","","","","","","","","","","","","","","","","","","","","","","","","","","","","","52.3303222569006","","","","","","","","","","","","","","","","","","","","77.8320977205027","","","","","","","","","89.4131183936894","","","","","",
"United Arab Emirates","ARE","Births attended by skilled health staff (% of total)","SH.STA.BRTC.ZS","","","","","","","","","","","","","","","","","","","","","","","","","","","","","","","99.1","","","","","99.2","","","","","","","","100","100","","","","100","","","","","99.9","99.9","99.9","","","99.2","","","","","","",
"Argentina","ARG","Births attended by skilled health staff (% of total)","SH.STA.BRTC.ZS","","","","","","","","","","","","","","","","","","","","","","","","","","","","","","","96.9","","95.8","","","98.5","","97.2","97.5","97.5","99.1","98.4","98.9","98.7","99.1","99.1","99.4","99.4","94.8","97.9","95","97.1","98.2","97","99.6","99.6","98.4","93.9","99.5","99.6","98.8","","","","",
"Armenia","ARM","Births attended by skilled health staff (% of total)","SH.STA.BRTC.ZS","","","","","","","","","","","","","","","","","","","","","","","","","","","","","","99.7","99.7","99.7","98.3","95.5","93.3","93.1","95.7","96.4","97.4","98.8","96.8","98.4","98.8","99.2","99.5","97.8","99.7","99.9","99.9","100","99.5","100","100","100","100","","99.8","","","","","","","","",
"American Samoa","ASM","Births attended by skilled health staff (% of total)","SH.STA.BRTC.ZS","","","","","","","","","","","","","","","","","","","","","","","","","","","","","","","","","","","","","","","","","","","100","","","","","","","","","","","","","","","","","","","","","","",
"Antigua and Barbuda","ATG","Births attended by skilled health staff (% of total)","SH.STA.BRTC.ZS","","","","","","","","","","","","","","","","","","","","","","","","","","","","","","","","","","","","100","100","","100","","99.9","100","99","99","100","99.9","99.9","100","100","100","100","","100","100","100","100","","100","","","99","","","","",
"Australia","AUS","Births attended by skilled health staff (% of total)","SH.STA.BRTC.ZS","","","","","","","","","","","","","","","","","","","","","","","","","","","","","","","","99.6","99.3","99.3","99.4","99.3","99.3","99.3","99.3","99.3","99.3","99.3","99.3","99.3","99.3","99.4","99.3","99.2","99.1","99.1","99.1","99.1","99.2","99","99.8","98.8","98.8","99.4","98.7","98.8","96","","","","",
"Austria","AUT","Births attended by skilled health staff (% of total)","SH.STA.BRTC.ZS","","","","","","","","","","","","","","","","","","","","","","","","","","","","","","","","","","100","","","98.2","98.2","98.3","98.3","98.3","98.3","98.4","98.4","98.4","98.6","98.6","98.5","98.6","98.6","98.5","98.6","98.5","98.5","98.5","98.5","98.4","98.4","98.4","98.4","98.1","","","","",
"Azerbaijan","AZE","Births attended by skilled health staff (% of total)","SH.STA.BRTC.ZS","","","","","","","","","","","","","","","","","","","","","","","","","","","","","","97.3","97.3","97.2","96.5","96.3","99.6","91.5","87.9","90.4","91.5","92.4","80.7","88","94","95.8","95.9","94.4","88.6","93","98","99.8","99.4","97.2","99.8","99.9","99.9","99.8","99.8","99.8","99.4","99.9","99.9","99.9","","","",
"Burundi","BDI","Births attended by skilled health staff (% of total)","SH.STA.BRTC.ZS","","","","","","","","","","","","","","","","","","","","","","","","","","","","19.1","","","","","","","","","","","","","25.2","","","","","31.8","","","","","60.3","","78.4","","","","77.6","79.1","86.2","98.6","87.4","76.5","","","",
"Belgium","BEL","Births attended by skilled health staff (% of total)","SH.STA.BRTC.ZS","","","","","","","","","","","","","","","","","","","","","","","","","","","","100","","","","","","","","","","","","99.3","","","","","","","","","","","","","","","","","","","","","","","","","",
"Benin","BEN","Births attended by skilled health staff (% of total)","SH.STA.BRTC.ZS","","","","","","","","","","","","","","","","","","","","","","","","","","","","","","","","","","","","","59.8","","","","","65.5","","","","75","74","","","","","","80.9","","77.2","","","","78.1","","","","","","",
"Burkina Faso","BFA","Births attended by skilled health staff (% of total)","SH.STA.BRTC.ZS","","","","","","","","","","","","","","","","","","","","","","","","","","","","","","","","","","41.4","","","","","","30.9","","","","37.8","","","53.5","","","","65.9","","","","","79.8","","","","","","","","","",
"Bangladesh","BGD","Births attended by skilled health staff (% of total)","SH.STA.BRTC.ZS","","","","","","","","","","","","","","","","","","","","","","","","","","","","","","","","","","","9.5","","","7.7","","","12.1","12","","13.9","13.2","","20.1","18","","24.4","26.5","31.7","","36.5","42.1","","49.8","67.8","52.7","59","","","","","",
"Bulgaria","BGR","Births attended by skilled health staff (% of total)","SH.STA.BRTC.ZS","","","","","","","","","","","","","","","","","","","","","","","","","","","","","","99.3","99.1","99.5","99.8","99","99","98.9","99.9","99.9","99.88003","99","99.8","98.9","99.2","99.2","99.4","99.4","99.4","99.6","99.6","99.6","99.5","","","99.7","99.7","93.4","95.1","93.9","93","92.3","94.6","94.5","","","",
"Bahrain","BHR","Births attended by skilled health staff (% of total)","SH.STA.BRTC.ZS","","","","","","","","","","","","","","","","","","","","","","","","","","","","","","","","","","","","97.6","","","","","97.7","97.5","97.6","97.8","97.7","97.5","97.5","97.4","97.5","99.4","99.3","99.6","99.8","99.8","99.8","99.9","99.7","99.9","99.6","99.6","","","","","",
"Bahamas, The","BHS","Births attended by skilled health staff (% of total)","SH.STA.BRTC.ZS","","","","","","","","","","","","","","","","","","","","","","","","","","","","","","","99","","","","","99","","99","99","99","99","99","99","99","98","98.7","99","98.4","98.5","98.9","99.1","99.1","98.9","98.6","98.9","98","99","","99","99","","","","","",
"Bosnia and Herzegovina","BIH","Births attended by skilled health staff (% of total)","SH.STA.BRTC.ZS","","","","","","","","","","","","","","","","","","","","","","","","","","","","","","96.6","97","97.4","","","","","98.9","98.7","99.3","99.6","98.9","99.9","99.9","99.9","99.9","99.9","99.4","99.9","99.9","99.9","99.9","99.9","99.9","","99.9","99.9","99.9","99.9","99.9","99.9","","","","","",
"Belarus","BLR","Births attended by skilled health staff (% of total)","SH.STA.BRTC.ZS","","","","","","","","","","","","","","","","","","","","","","","","","","","100","","","99.9","99.9","99.9","99.9","99.9","99.9","99.9","99.9","99.9","99.9","99.9","99.9","99.9","99.9","99.9","99.9","100","99.9","99.9","99.9","99.9","99.9","99.8","100","99.8","99.8","","","","","99.9","99.9","","","","",
"Belize","BLZ","Births attended by skilled health staff (% of total)","SH.STA.BRTC.ZS","","","","","","","","","","","","","","","","","","","","","","","","","","","","","","","","76.9","","","","79","","","79","83.8","90.2","","97","","87.8","89.3","95.8","90.7","94.9","93.5","94","96.2","93.7","93","93.1","93.5","96.8","95.3","94.8","95.3","94.6","","","","",
"Bermuda","BMU","Births attended by skilled health staff (% of total)","SH.STA.BRTC.ZS","","","","","","","","","","","","","","","","","","","","","","","","","","","","","","","","","","","","","","","","","","","","","","","","","","","","","","","","","","","99.4","","","","","","",
"Bolivia","BOL","Births attended by skilled health staff (% of total)","SH.STA.BRTC.ZS","","","","","","","","","","","","","","","","","","","","","","","","","","","","","","42.1","","","","","47.2","","","","56.7","","67.3","","65.1","60.8","60.8","","","","71.1","","","84","82.1","84.2","83.9","88.8","89.8","99.5","71.5","81.1","","","","","",
"Brazil","BRA","Births attended by skilled health staff (% of total)","SH.STA.BRTC.ZS","","","","","","","","","","","","","","","","","","","","","","","","","","","","","","","","69.5","","","","","87.3","98.6","98.6","98.6","98.6","98.3","98.5","98.4","98.6","98.6","97","98.6","98.8","98.9","98.9","99","99","98","98.4","98.2","98.6","98.7","98.8","98.4","98.4","","","","",
"Barbados","BRB","Births attended by skilled health staff (% of total)","SH.STA.BRTC.ZS","","","","","","","","","","","","","","","","","","","","","","","","","","","","","","","","","","","","100","","","","91","98","","100","100","100","100","100","100","100","100","","100","98.9","98.6","99.8","99","99.1","","99","98","98.4","","","","",
"Brunei Darussalam","BRN","Births attended by skilled health staff (% of total)","SH.STA.BRTC.ZS","","","","","","","","","","","","","","","","","","","","","","","","","","","","","","","","97.8","98","97.8","98.2","96.2","98.9","99.6","99.3","99.4","99.2","99.7","99.6","99.6","99.6","99.7","99.7","99.9","99.7","99.9","99.8","99.7","99.8","99.7","99.9","100","100","99.8","99.8","99.6","99.7","99.6","","","",
"Bhutan","BTN","Births attended by skilled health staff (% of total)","SH.STA.BRTC.ZS","","","","","","","","","","","","","","","","","","","","","","","","","","","","","","","","","","","12","","","","","","27.3","","","56.1","","52.3","57.1","71.4","66.3","66","64.5","70","74.6","89","89","89","89","96.4","96.2","96.3","99.3","98.9","","","",
"Botswana","BWA","Births attended by skilled health staff (% of total)","SH.STA.BRTC.ZS","","","","","","","","","","","","","","","","","","","","","","","","","","","","","77.4","","","","","","","","87","","","","98.5","92","96.5","96.1","97.3","94","99.3","94.6","98.3","99.5","99.1","99.8","99.8","99.9","99.5","99.7","99.7","99.8","","","","","","","",
"Central African Republic","CAF","Births attended by skilled health staff (% of total)","SH.STA.BRTC.ZS","","","","","","","","","","","","","","","","","","","","","","","","","","","","","","","","","","","","45.9","","","","","31.7","","","","","","41.4","","43.7","43.7","40","","","","","","","","","40.3","","","","","",
"Canada","CAN","Births attended by skilled health staff (% of total)","SH.STA.BRTC.ZS","","","","","","","","","","","","","","","","","","","","","","","","","","","","100","","","","99.1","99.6","99.4","99.3","99.4","99.2","99.3","99.3","99.2","99.3","99.3","99.3","98.9","99","98.8","100","98.8","98.7","98.6","98.5","98.4","98.1","98","97.9","97.9","97.8","97.9","98","98","98","","","","",
"Central Europe and the Baltics","CEB","Births attended by skilled health staff (% of total)","SH.STA.BRTC.ZS","","","","","","","","","","","","","","","","","","","","","","","","","","","","","","","99.0160607096093","","","","","","","","","","99.4771055784149","","","","","","","","","","99.6519170675154","","","","","","","","","97.912163378456","","","","","",
"Switzerland","CHE","Births attended by skilled health staff (% of total)","SH.STA.BRTC.ZS","","","","","","","","","","","","","","","","","","","","","","","","","","","","","","","","","","","","","","","","","","","","","","","100","","","","","","","","","","","","","","","","","","",
"Channel Islands","CHI","Births attended by skilled health staff (% of total)","SH.STA.BRTC.ZS","","","","","","","","","","","","","","","","","","","","","","","","","","","","","","","","","","","","","","","","","","","","","","","","","","","","","","","","","","","","","","","","","",
"Chile","CHL","Births attended by skilled health staff (% of total)","SH.STA.BRTC.ZS","","","","","","","","","","","","","","","","","","","","","","","","","","","","","","","","","","99","99.5","99.5","99.6","99.4","99.6","99.4","99.8","99.8","99.8","99.8","99.8","99.8","99.8","99.7","99.8","99.8","99.8","99.9","99.8","99.8","99.8","99.7","99.7","99.8","99.8","99.8","","","","","",
"China","CHN","Births attended by skilled health staff (% of total)","SH.STA.BRTC.ZS","","","","","","","","","","","","","","","","","","","","","","","","","","","","","","","94","93.7","84.1","83.6","90.4","89.3","93.1","93.8","","96.8","96.6","97.3","96.7","95.9","97.3","97.5","97.8","98.4","99.1","99.3","99.6","99.7","99.8","99.9","99.9","99.9","99.9","","","","","","","","",
"Cote d'Ivoire","CIV","Births attended by skilled health staff (% of total)","SH.STA.BRTC.ZS","","","","","","","","","","","","","","","","","","","","","","","","","","","","","","","","","","","45.4","","","","","47.1","62.8","","","","68","55.1","56.8","","","","","","59.4","","","","73.6","","","","","84","","","",
"Cameroon","CMR","Births attended by skilled health staff (% of total)","SH.STA.BRTC.ZS","","","","","","","","","","","","","","","","","","","","","","","","","","","","","","","","63.5","","","","","","","55","","56","","","","58.9","","58.9","","","","","56.1","","","64.7","","","","69","","","","","","",
"Congo, Dem. Rep.","COD","Births attended by skilled health staff (% of total)","SH.STA.BRTC.ZS","","","","","","","","","","","","","","","","","","","","","","","","","","","","","","","","","","","","","","","","","","60.7","","","","","","64.4","","","74.1","","","","80.1","","","","85.2","","","","","","",
"Congo, Rep.","COG","Births attended by skilled health staff (% of total)","SH.STA.BRTC.ZS","","","","","","","","","","","","","","","","","","","","","","","","","","","","","","","","","","","","","","","","","","","","","","83.4","","","","","","","92.5","","","91.2","","","","","","","","","",
"Colombia","COL","Births attended by skilled health staff (% of total)","SH.STA.BRTC.ZS","","","","","","","","","","","","","","","","","","","","","","","","","","","71.1","","","","80.6","","","","","84.5","","","91.3","92.1","86.1","93.1","94.5","95","95.6","90.7","97.1","97.8","98.1","98.6","94.8","99.2","98.7","98.7","98.9","99","95.9","99.3","98.4","98.8","","","","","",
"Comoros","COM","Births attended by skilled health staff (% of total)","SH.STA.BRTC.ZS","","","","","","","","","","","","","","","","","","","","","","","","","","","","","","","","","","","","","51.6","","","","61.8","","","","","","","","","","","","82.2","","","","","","","","","","","","",
"Cabo Verde","CPV","Births attended by skilled health staff (% of total)","SH.STA.BRTC.ZS","","","","","","","","","","","","","","","","","","","","","","","","","","","","","","","","","","","","54","","","88.5","","","","","","","77.5","76.4","74.4","74.6","75.6","98.5","98.7","","92.3","95.6","91.4","92.6","92.4","97.3","","","","","","",
"Costa Rica","CRI","Births attended by skilled health staff (% of total)","SH.STA.BRTC.ZS","","","","","","","","","","","","","","","","","","","","","","","","","","","97","","","","","","98","97","","","","","98","98.2","96.6","98","98.5","98.2","98.5","98.5","98.6","98.7","99.1","99.1","95.3","98.4","98.9","99","99.2","90","98.8","98.7","98.5","99","","","","","",
"Caribbean small states","CSS","Births attended by skilled health staff (% of total)","SH.STA.BRTC.ZS","","","","","","","","","","","","","","","","","","","","","","","","","","","","","","","","","","","","","","","","","86.8736067239325","","","","","","","","","","92.8748639347357","","","","","","","","","97.7909448292499","","","","","",
"Cuba","CUB","Births attended by skilled health staff (% of total)","SH.STA.BRTC.ZS","","","","","","","","","","","","","","","","","","","","","","","","","","","","","","","99.8","99.8","99.8","99.8","99.8","99.8","99.8","99.9","99.9","99.9","99.9","99.9","99.9","99.9","99.9","99.9","99.9","99.9","99.9","99.9","99.9","99.9","99.9","99.9","99.4","99.9","99.9","99.9","99.9","100","","","","","",
"Curacao","CUW","Births attended by skilled health staff (% of total)","SH.STA.BRTC.ZS","","","","","","","","","","","","","","","","","","","","","","","","","","","","","","","","","","","","","","","","","","","","","","","","","","","","","","","","","","","","","","","","","",
"Cayman Islands","CYM","Births attended by skilled health staff (% of total)","SH.STA.BRTC.ZS","","","","","","","","","","","","","","","","","","","","","","","","","","","","","","","","","","","","","","","","","","","","","","100","","","","","","","","","","","","","","","","","","","",
"Cyprus","CYP","Births attended by skilled health staff (% of total)","SH.STA.BRTC.ZS","","","","","","","","","","","","","","","","","","","","","","","","","","","","","","","100","100","100","100","100","100","100","100","100","100","97.9","","","99","95.7","99.3","98.5","98.3","97.2","98.3","98.6","98.3","98.7","99.9","97.4","97.1","95.6","96","98.3","99.3","","","","","",
"Czechia","CZE","Births attended by skilled health staff (% of total)","SH.STA.BRTC.ZS","","","","","","","","","","","","","","","","","","","","","","","","","","","","","","100","100","100","100","100","100","100","100","100","99.9","99.9","99.8","99.8","99.8","99.8","99.8","99.8","99.7","99.7","99.6","99.6","99.7","99.9","99.9","99.8","99.8","","","99.8","","","","","","","",
"Germany","DEU","Births attended by skilled health staff (% of total)","SH.STA.BRTC.ZS","","","","","","","","","","","","","","","","","","","","","","","","","","","100","","","","","","","","","","","","","98.7","98.6","98.6","98.6","98.6","98.2","98.2","98.4","98.4","98.5","98.3","96.8","96.9","97","96.9","96.9","97.1","96.2","97.1","96.2","96.2","","","","","",
"Djibouti","DJI","Births attended by skilled health staff (% of total)","SH.STA.BRTC.ZS","","","","","","","","","","","","","","","","","","","","","","","","","","","","","","","","","","","","","","","","","","","","60.6","","","78.4","","","","","","87.4","","","","","","","","","","","","",
"Dominica","DMA","Births attended by skilled health staff (% of total)","SH.STA.BRTC.ZS","","","","","","","","","","","","","","","","","","","","","","","","","","","","","","","","","","","","100","","","95","99.9","100","100","100","100","100","99","","94","100","100","100","100","100","100","100","100","100","100","100","100","100","","","","",
"Denmark","DNK","Births attended by skilled health staff (% of total)","SH.STA.BRTC.ZS","","","","","","","","","","","","","","","","","","","","","","","","","","","","100","","","","","","","","","","98.3","98.8","98.7","98.8","98.9","98.8","98.9","98.6","98.8","98.7","97.8","","98.7","98.5","98.5","98.2","96.3","95.9","95.4","94.4","95.1","95.3","","","","","","",
"Dominican Republic","DOM","Births attended by skilled health staff (% of total)","SH.STA.BRTC.ZS","","","","","","","","","","","","","","","","","","","","","","","","","","","89.8","","","","","92.2","","","","","95.3","","","97.4","97.6","","97.8","","","","95.5","97.8","","","97.8","98.7","98.8","98.6","98.6","99.6","99.8","99.8","99.7","99.2","","","","","",
"Algeria","DZA","Births attended by skilled health staff (% of total)","SH.STA.BRTC.ZS","","","","","","","","","","","","","","","","","","","","","","","","","","","","","","","","","76.5","","","","","","","","92","","95.9","","","","95.2","","","","","","","96.6","","","","","","98.8","","","","","",
"East Asia & Pacific (excluding high income)","EAP","Births attended by skilled health staff (% of total)","SH.STA.BRTC.ZS","","","","","","","","","","","","","","","","","","","","","","","","","","","","","","","83.914298369421","","","","","","","","","","84.1964085915202","","","","","","","","","","91.7872695147124","","","","","","","","","95.3954858899963","","","","","",
"Early-demographic dividend","EAR","Births attended by skilled health staff (% of total)","SH.STA.BRTC.ZS","","","","","","","","","","","","","","","","","","","","","","","","","","","","","","","","","","","","","","","","","47.5774750895443","","","","","","","","","","59.7737713697158","","","","","","","","","83.7106352547119","","","","","",
"East Asia & Pacific","EAS","Births attended by skilled health staff (% of total)","SH.STA.BRTC.ZS","","","","","","","","","","","","","","","","","","","","","","","","","","","","","","","84.9371586898404","","","","","","","","","","85.2664765164706","","","","","","","","","","92.2982524171542","","","","","","","","","95.555640107629","","","","","",
"Europe & Central Asia (excluding high income)","ECA","Births attended by skilled health staff (% of total)","SH.STA.BRTC.ZS","","","","","","","","","","","","","","","","","","","","","","","","","","","","","","","","","","","","","","","","","88.8075726493406","","","","","","","","","","97.324567068384","","","","","","","","","98.3193244156109","","","","","",
"Europe & Central Asia","ECS","Births attended by skilled health staff (% of total)","SH.STA.BRTC.ZS","","","","","","","","","","","","","","","","","","","","","","","","","","","","","","","","","","","","","","","","","95.4374729071206","","","","","","","","","","98.3165444965343","","","","","","","","","98.4399850805127","","","","","",
"Ecuador","ECU","Births attended by skilled health staff (% of total)","SH.STA.BRTC.ZS","","","","","","","","","","","","","","","","","","","","","","","","","","","","61.3","","","","","","","98.7","","","","","99.1","70.9","71.4","73.7","75.1","76.4","78.5","80.6","82","84","85.6","87.4","89.7","91.7","93.3","94.7","94.2","94.1","95.6","95.9","97.2","99.4","","","","",
"Egypt, Arab Rep.","EGY","Births attended by skilled health staff (% of total)","SH.STA.BRTC.ZS","","","","","","","","","","","","","","","","","","","","","","","","","","","","","34.6","","","36.5","40.7","40.7","","46.2","46.3","56.4","55.2","","60.9","","","69.4","","74.2","","","78.9","","","","","","91.5","","","","","","","97.1","","","",
"Euro area","EMU","Births attended by skilled health staff (% of total)","SH.STA.BRTC.ZS","","","","","","","","","","","","","","","","","","","","","","","","","","","","","","","","","","","","","","","","","99.4022863952692","","","","","","","","","","98.3155203793382","","","","","","","","","98.2699955847738","","","","","",
"Eritrea","ERI","Births attended by skilled health staff (% of total)","SH.STA.BRTC.ZS","","","","","","","","","","","","","","","","","","","","","","","","","","","","","","","","","","","","20.6","20.6","","","","","","28.3","","","","","","","","34.1","","","","","","","","","","","","","","",
"Spain","ESP","Births attended by skilled health staff (% of total)","SH.STA.BRTC.ZS","","","","","","","","","","","","","","","","","","","","","","","","","","","","","","","","","","","","","","","","","","","","","","","","","","","","","","","","99.9","","","99.9","99.9","99.9","","","","",
"Estonia","EST","Births attended by skilled health staff (% of total)","SH.STA.BRTC.ZS","","","","","","","","","","","","","","","","","","","","","","","","","","","","","","99","","","98.9","99.1","99.1","99.3","99.4","99.3","99.5","99.5","99.6","99.6","99.6","99.5","99.8","99.7","99.7","99.7","99.7","99.7","99.8","99.7","99.8","99.7","99.7","99.7","99.7","99.5","99.6","99.7","99.6","","","","",
"Ethiopia","ETH","Births attended by skilled health staff (% of total)","SH.STA.BRTC.ZS","","","","","","","","","","","","","","","","","","","","","","","","","","","","","","","","","","","","","","","6.5","","5.6","","","","6.4","5.7","","","","","","10","","23.1","15.5","","27.7","","","49.8","","","","","",
"European Union","EUU","Births attended by skilled health staff (% of total)","SH.STA.BRTC.ZS","","","","","","","","","","","","","","","","","","","","","","","","","","","","","","","","","","","","","","","","","99.3872568536649","","","","","","","","","","98.6520467722512","","","","","","","","","98.0907025430725","","","","","",
"Fragile and conflict affected situations","FCS","Births attended by skilled health staff (% of total)","SH.STA.BRTC.ZS","","","","","","","","","","","","","","","","","","","","","","","","","","","","","","","","","","","","","","","","","40.4718374763044","","","","","","","","","","51.6892122671732","","","","","","","","","61.2121625831294","","","","","",
"Finland","FIN","Births attended by skilled health staff (% of total)","SH.STA.BRTC.ZS","","","","","","","","","","","","","","","","","","","","","","","","","","","","","","","98.8","","98.6","98.6","98.5","98.5","98.4","98.4","98.3","98.4","99.9","99.9","99.9","99.9","99.8","99.9","99.8","99.8","99.8","99.8","99.8","99.8","99.8","99.7","99.7","99.7","99.6","99.6","99.6","99.5","99.6","99.5","","","",
"Fiji","FJI","Births attended by skilled health staff (% of total)","SH.STA.BRTC.ZS","","","","","","","","","","","","","","","","","","","","","","","","","","","","","","","95.3","94.5","","97.6","96.2","96.2","96.3","96.2","96.7","96.4","96.9","98.4","96.9","96.7","97","97.2","99.3","99","98.8","99.8","99.7","99.6","99.3","98.8","99.7","99.9","99.8","","","","","99.8","","","",
"France","FRA","Births attended by skilled health staff (% of total)","SH.STA.BRTC.ZS","","","","","","","","","","","","","","","","","","","","","","","","","","","","","","","","","","99","","","","","","","","99.6","","","98","97.9","98.3","98.1","98","97.9","97.5","96.2","97.1","98.3","98.3","97.7","97.4","98","98.1","97.6","98.2","","","","",
"Faroe Islands","FRO","Births attended by skilled health staff (% of total)","SH.STA.BRTC.ZS","","","","","","","","","","","","","","","","","","","","","","","","","","","","","","","","","","","","","","","","","","","","","","","","","","","","","","","","","","","","","","","","","",
"Micronesia, Fed. Sts.","FSM","Births attended by skilled health staff (% of total)","SH.STA.BRTC.ZS","","","","","","","","","","","","","","","","","","","","","","","","","","","","","","","","","","","","","","","88","83.8","82.8","85.7","81.6","84.6","","82.7","85.3","","90","100","","","","","","","","","","","","","","","",
"Gabon","GAB","Births attended by skilled health staff (% of total)","SH.STA.BRTC.ZS","","","","","","","","","","","","","","","","","","","","","","","","","","","","","","","","","","","","","","","","","82.6","85.5","","","","","","","","","","","89.3","","","","","","","","","","","","",
"United Kingdom","GBR","Births attended by skilled health staff (% of total)","SH.STA.BRTC.ZS","","","","","","","","","","","","","","","","","","","","","","","","","","","","","","","","","","","","","","","99","","","","","","","","","","","","","","","","","","","","","","","","","","",
"Georgia","GEO","Births attended by skilled health staff (% of total)","SH.STA.BRTC.ZS","","","","","","","","","","","","","","","","","","","","","","","","","","","","","","94.6","96.6","91.3","91.1","90.8","","","","","96","96.4","95.5","96.6","97.4","97.2","97.5","98.3","98.8","99.4","99.6","99.7","99.6","99.8","99.8","99.9","99.9","99.9","99.9","99.9","99.8","99.8","99.8","99.8","","","",
"Ghana","GHA","Births attended by skilled health staff (% of total)","SH.STA.BRTC.ZS","","","","","","","","","","","","","","","","","","","","","","","","","","","","","40.1","","","","","43.8","43.8","","","","44.3","44.3","","","","47.1","","","49.7","55.2","54.7","","","67.2","","","70.8","","","78.1","78.9","","","","","","",
"Gibraltar","GIB","Births attended by skilled health staff (% of total)","SH.STA.BRTC.ZS","","","","","","","","","","","","","","","","","","","","","","","","","","","","","","","","","","","","","","","","","","","","","","","","","","","","","","","","","","","","","","","","","",
"Guinea","GIN","Births attended by skilled health staff (% of total)","SH.STA.BRTC.ZS","","","","","","","","","","","","","","","","","","","","","","","","","","","","","","","","","30.5","","","","","","","34.8","","","","48.7","","38","","46.1","46.1","","","","45.3","","","","62.7","","55.3","","","","","","",
"Gambia, The","GMB","Births attended by skilled health staff (% of total)","SH.STA.BRTC.ZS","","","","","","","","","","","","","","","","","","","","","","","","","","","","","","","44.1","","","","","","","","","","51.6","","","","","","52.1","","","","56.1","","","57.2","","","","","82.7","","83.8","","","","",
"Guinea-Bissau","GNB","Births attended by skilled health staff (% of total)","SH.STA.BRTC.ZS","","","","","","","","","","","","","","","","","","","","","","","","","","","","","","","","","","","","25","","","","","31.8","","","","","","31","","","","43","","","","45","","","","","53.8","","","","","",
"Equatorial Guinea","GNQ","Births attended by skilled health staff (% of total)","SH.STA.BRTC.ZS","","","","","","","","","","","","","","","","","","","","","","","","","","","","","","","","","","","5","","","","","","64.6","","","","","","","","","","","68.3","","","","","","","","","","","","","",
"Greece","GRC","Births attended by skilled health staff (% of total)","SH.STA.BRTC.ZS","","","","","","","","","","","","","","","","","","","","","99.29","99.37","99.45","99.51","99.6","99.7","99.71","99.69","99.73","99.77","99.82","99.78","99.78","99.81","99.87","99.88","99.86","99.89","99.9","99.93","99.9","100","100","100","100","100","100","100","100","100","100","100","99.9","99.9","99.9","99.9","99.9","99.9","99.9","","","","","","",
"Grenada","GRD","Births attended by skilled health staff (% of total)","SH.STA.BRTC.ZS","","","","","","","","","","","","","","","","","","","","","","","","","","","","","","","","","","","","100","","","99","99","100","","100","100","","100","","98.8","","100","","100","99","99","99","99","99.3","100","","","","","","","",
"Greenland","GRL","Births attended by skilled health staff (% of total)","SH.STA.BRTC.ZS","","","","","","","","","","","","","","","","","","","","","","","","","","","","","","","","","","","","","","","","","","","","","","","","","","","","","","","","","","","","","","","","","",
"Guatemala","GTM","Births attended by skilled health staff (% of total)","SH.STA.BRTC.ZS","","","","","","","","","","","","","","","","","","","","","","","","","35","","","29.1","","","","","","","","34.8","","","","40.4","41.4","41.4","41.4","","","","","31.4","","51.5","52.3","","58.7","62.8","67","65.5","69.8","69.6","","","","","","","",
"Guam","GUM","Births attended by skilled health staff (% of total)","SH.STA.BRTC.ZS","","","","","","","","","","","","","","","","","","","","","","","","","","","","","","","","","","","","","","","","","","99.4","","","","","","","","","","","","","","","","","","","","","","","",
"Guyana","GUY","Births attended by skilled health staff (% of total)","SH.STA.BRTC.ZS","","","","","","","","","","","","","","","","","","","","","","","","","","","","","","","","","","","","93","","95","94","","82.9","93.8","","94","95.9","96.7","96.6","80.9","96","87.4","","","97.3","98.3","85.7","95.8","94.3","96.7","95.1","95","97.6","","","","",
"High income","HIC","Births attended by skilled health staff (% of total)","SH.STA.BRTC.ZS","","","","","","","","","","","","","","","","","","","","","","","","","","","","","","","","","","","","","","","","","99.0404940890471","","","","","","","","","","99.0937612644039","","","","","","","","","98.5757837072078","","","","","",
"Hong Kong SAR, China","HKG","Births attended by skilled health staff (% of total)","SH.STA.BRTC.ZS","","","","","","","","","","","","","","","","","","","","","","","","","","","","","","","","","","","","","","","","","","","","","","100","","","","","","","","","","","","","","","","","","","",
"Honduras","HND","Births attended by skilled health staff (% of total)","SH.STA.BRTC.ZS","","","","","","","","","","","","","","","","","","","","","","","","","","","","42.1","","","","","46.9","","","","54.9","","","","","55.7","","","","","66.3","","","","","","82.8","","","72","79","74","","94.1","","","","","",
"Heavily indebted poor countries (HIPC)","HPC","Births attended by skilled health staff (% of total)","SH.STA.BRTC.ZS","","","","","","","","","","","","","","","","","","","","","","","","","","","","","","","","","","","","","","","","","36.5987059717755","","","","","","","","","","50.5356173728958","","","","","","","","","67.157561373144","","","","","",
"Croatia","HRV","Births attended by skilled health staff (% of total)","SH.STA.BRTC.ZS","","","","","","","","","","","","","","","","","","","","","","","","","","","","","","99.7","99.8","99.8","99.8","99.8","99.8","99.9","99.8","99.9","99.9","99.9","99.9","99.9","99.9","99.9","99.9","99.9","99.9","99.9","99.9","99.9","99.9","99.9","99.9","99.9","99.9","99.9","99.9","99.9","","99.9","","","","","",
"Haiti","HTI","Births attended by skilled health staff (% of total)","SH.STA.BRTC.ZS","","","","","","","","","","","","","","","","","","","","","","","","","","","","","","23","","","","","","20.6","","","","","23.8","","","","","26.1","26.1","","","","","","37.3","48.6","","","","41.6","","","","","","","",
"Hungary","HUN","Births attended by skilled health staff (% of total)","SH.STA.BRTC.ZS","","","","","","","","","","","","","","","","","","","","","","","","","","","","","","99.4","99.4","99.4","99.5","99.4","99.4","99.4","99.5","99.5","99.5","99.5","99.5","99.6","99.6","99.6","99.6","99.6","99.7","99.6","99.5","99.6","99.1","99","99","99.1","99.2","99.6","99.7","99.7","","","","","","","",
"IBRD only","IBD","Births attended by skilled health staff (% of total)","SH.STA.BRTC.ZS","","","","","","","","","","","","","","","","","","","","","","","","","","","","","","","","","","","","","","","","","69.8333585980025","","","","","","","","","","78.4844349828219","","","","","","","","","93.5260046388272","","","","","",
"IDA & IBRD total","IBT","Births attended by skilled health staff (% of total)","SH.STA.BRTC.ZS","","","","","","","","","","","","","","","","","","","","","","","","","","","","","","","","","","","","","","","","","58.2571098942522","","","","","","","","","","66.8800635588904","","","","","","","","","81.9817361990071","","","","","",
"IDA total","IDA","Births attended by skilled health staff (% of total)","SH.STA.BRTC.ZS","","","","","","","","","","","","","","","","","","","","","","","","","","","","","","","","","","","","","","","","","35.0158036185055","","","","","","","","","","48.5913063708173","","","","","","","","","65.5537515226226","","","","","",
"IDA blend","IDB","Births attended by skilled health staff (% of total)","SH.STA.BRTC.ZS","","","","","","","","","","","","","","","","","","","","","","","","","","","","","","","29.7967454648476","","","","","","","","","","38.0972802894958","","","","","","","","","","48.8619644615048","","","","","","","","","63.0080337722958","","","","","",
"Indonesia","IDN","Births attended by skilled health staff (% of total)","SH.STA.BRTC.ZS","","","","","","","","","","","","","","","","","","","","","","","","","","","","36.3","","","40.7","35.1","40.7","","39.8","49.7","","49.1","56","","66.9","","68.4","66.3","71.5","","","73","74.86","","82.2","","83.1","87.4","","","92.6","90.9","93.6","94.7","","","","","",
"IDA only","IDX","Births attended by skilled health staff (% of total)","SH.STA.BRTC.ZS","","","","","","","","","","","","","","","","","","","","","","","","","","","","","","","","","","","","","","","","","33.2566239625234","","","","","","","","","","48.4378436960101","","","","","","","","","67.0228339708072","","","","","",
"Isle of Man","IMN","Births attended by skilled health staff (% of total)","SH.STA.BRTC.ZS","","","","","","","","","","","","","","","","","","","","","","","","","","","","","","","47.7476605124","","","","","","","","","","71.5020540718","","","","","","","","","","81.4306770819","","","","","","","","","","","","","","",
"India","IND","Births attended by skilled health staff (% of total)","SH.STA.BRTC.ZS","","","","","","","","","","","","","","","","","","","","","","","","","","","","","","","","","","34.2","","","","","","42.3","42.5","","","","","","46.6","","52.3","","","","","","81.4","","81.4","","","","","89.4","","","",
"Not classified","INX","Births attended by skilled health staff (% of total)","SH.STA.BRTC.ZS","","","","","","","","","","","","","","","","","","","","","","","","","","","","","","","","","","","","","","","","","","","","","","","","","","","","","","","","","","","","","","","","","",
"Ireland","IRL","Births attended by skilled health staff (% of total)","SH.STA.BRTC.ZS","","","","","","","","","","","","","","","","","","","","","","","","","","","","","","","","","","","","","","","","99.5","99.6","99.6","99.5","99.6","99.7","99.7","99.7","99.7","99.8","99.8","99.8","99.8","99.8","99.8","99.7","99.7","99.7","99.7","","","","","","","",
"Iran, Islamic Rep.","IRN","Births attended by skilled health staff (% of total)","SH.STA.BRTC.ZS","","","","","","","","","","","","","","","","","","","","","","","","","","","","","","","","","","","","","","86.1","","","89.6","","","","","97.3","","","","97.7","96.4","98.5","98.8","98.8","99","","","","","","","","","","",
"Iraq","IRQ","Births attended by skilled health staff (% of total)","SH.STA.BRTC.ZS","","","","","","","","","","","","","","","","","","","","","","","","","","","","","","54","","","","","","","","","","","65.2","","","","","","88.5","79.7","","","","90.9","70.4","","","","","","95.6","","","","","","",
"Iceland","ISL","Births attended by skilled health staff (% of total)","SH.STA.BRTC.ZS","","","","","","","","","","","","","","","","","","","","","","","","","","","","","","","100","99.9","99.8","99.8","99.8","99.8","99.8","99.8","99.9","99.6","99.3","99.5","99.4","99.4","99.4","99","98.9","98.9","98.7","98.8","98.2","97.9","97.8","98.1","97.8","98.2","97.9","98","98.2","98.3","97.4","","","","",
"Israel","ISR","Births attended by skilled health staff (% of total)","SH.STA.BRTC.ZS","","","","","","","","","","","","","","","","","","","","","","","","","","","","99","","","","","","","","","","","","","","","","","","","","","","","","","","","","","","","","","","","","","",
"Italy","ITA","Births attended by skilled health staff (% of total)","SH.STA.BRTC.ZS","","","","","","","","","","","","","","","","","","","","","","","","","","","","","","","","","","","","","","","","","99.8","","99.6","99.6","99.8","99.8","99.8","99.6","99.8","99.8","99.9","99.9","","99.9","99.9","99.9","99.9","99.9","99.9","99.8","99.8","","","","",
"Jamaica","JAM","Births attended by skilled health staff (% of total)","SH.STA.BRTC.ZS","","","","","","","","","","","","","","","","","","","","","","","","","","","","","","92","","","","93.4","","","90","94.6","","","95.9","98.5","96.9","97.4","","96.7","94.5","93","98.3","98.3","95.3","99.1","99.5","99.7","99.7","99.7","99.7","99.7","99.7","","","","","","",
"Jordan","JOR","Births attended by skilled health staff (% of total)","SH.STA.BRTC.ZS","","","","","","","","","","","","","","","","","","","","","","","","","","","","","","","87.3","","","","","","","96.6","","","","","99.5","","","","","99.1","","","","","99.6","","","","","","99.7","","","","","","",
"Japan","JPN","Births attended by skilled health staff (% of total)","SH.STA.BRTC.ZS","","","","","","","","","","","","","","","","","","","","","","","","","","","","","","","99.9","","","","","99.9","100","","","","99.8","99.8","99.8","99.8","99.8","99.8","99.8","99.8","99.8","99.8","99.8","99.8","99.8","","99.8","99.9","99.8","99.9","99.9","99.9","99.9","99.8","","","",
"Kazakhstan","KAZ","Births attended by skilled health staff (% of total)","SH.STA.BRTC.ZS","","","","","","","","","","","","","","","","","","","","","","","","","","","","","","99","99","98.1","98.9","98.6","98.3","99.6","98.1","97.6","98","98.7","98.3","98.5","98.9","99.4","99.4","99.4","99.8","99.5","99.3","99.4","99.4","99.9","100","100","100","99.4","99.9","99.9","99.9","","","","","","",
"Kenya","KEN","Births attended by skilled health staff (% of total)","SH.STA.BRTC.ZS","","","","","","","","","","","","","","","","","","","","","","","","","","","","","","50.1","","","","45.1","","","","","44.3","","42.6","","","41.6","","","","","","43.8","","","","","61.8","","70.2","","","","","","","","",
"Kyrgyz Republic","KGZ","Births attended by skilled health staff (% of total)","SH.STA.BRTC.ZS","","","","","","","","","","","","","","","","","","","","","","","","","","","","","","98.8","98.9","98.9","98.7","98.3","98.2","98","98.1","98.1","98.5","98.5","98.6","98.7","98.8","98.9","98.2","97.9","97.6","98.4","98.5","98.5","98.3","98.6","99.1","99","98.4","","","","99.8","","100","","","","",
"Cambodia","KHM","Births attended by skilled health staff (% of total)","SH.STA.BRTC.ZS","","","","","","","","","","","","","","","","","","","","","","","","","","","","","","","","","","","","43.3","","","34","","31.8","","","","16.3","43.8","43.8","","","","71","71","74","","89","","","","","","","","98.7","","",
"Kiribati","KIR","Births attended by skilled health staff (% of total)","SH.STA.BRTC.ZS","","","","","","","","","","","","","","","","","","","","","","","","","","","","","","","60","","","","72","","","","85","","85","","76","","","63","","","65","79.8","98.3","","","","","","","","","91.9","","","","","",
"St. Kitts and Nevis","KNA","Births attended by skilled health staff (% of total)","SH.STA.BRTC.ZS","","","","","","","","","","","","","","","","","","","","","","","","","","","","","","","","","","","","100","","","99.4","","99.4","","99.5","","100","100","100","100","100","100","100","100","100","100","100","100","","","100","100","100","","","","",
"Korea, Rep.","KOR","Births attended by skilled health staff (% of total)","SH.STA.BRTC.ZS","","","","","","","","","","","","","","","","","","","","","","","","","","","","","","","98","97.9","","","98.4","","","99.6","","","99.9","","","99.9","","","","","","99.9","","","99.8","","","100","","","","","","","","","",
"Kuwait","KWT","Births attended by skilled health staff (% of total)","SH.STA.BRTC.ZS","","","","","","","","","","","","","","","","","","","","","","","","","","","96","","","","","","","","","","98.2","","","","","","100","","98.3","98.6","98.7","98.7","98.7","98.7","98.6","98.8","98.8","98.7","98.7","99.9","99.9","99.9","99.9","99.9","","","","","",
"Latin America & Caribbean (excluding high income)","LAC","Births attended by skilled health staff (% of total)","SH.STA.BRTC.ZS","","","","","","","","","","","","","","","","","","","","","","","","","","","","","","","76.068001260545","","","","","","","","","","85.513333953841","","","","","","","","","","91.2534274187874","","","","","","","","","94.2521925151258","","","","","",
"Lao PDR","LAO","Births attended by skilled health staff (% of total)","SH.STA.BRTC.ZS","","","","","","","","","","","","","","","","","","","","","","","","","","","","","","","","","","","","","","","","","16.7","19.4","","","","14.6","18.9","","","","37","","40.1","","","","","64.4","","","","","","","",
"Lebanon","LBN","Births attended by skilled health staff (% of total)","SH.STA.BRTC.ZS","","","","","","","","","","","","","","","","","","","","","","","","","","","","","","","","","","","","","89","","","","99.9","","","","98.2","","","","","","","","","","","","","","","","","","","","",
"Liberia","LBR","Births attended by skilled health staff (% of total)","SH.STA.BRTC.ZS","","","","","","","","","","","","","","","","","","","","","","","","","","","57.9","","","","","","","","","","","","","","50.9","","","","","","","46.3","","","","","","61.1","","","","","","","84.4","","","","",
"Libya","LBY","Births attended by skilled health staff (% of total)","SH.STA.BRTC.ZS","","","","","","","","","","","","","","","","","","","","","","","","","","","","","","","","","","","","94.4","","","","99","","","","","","","","98.3","99.8","","99.9","99.9","99.9","99.9","","","","","","","","","","","",
"St. Lucia","LCA","Births attended by skilled health staff (% of total)","SH.STA.BRTC.ZS","","","","","","","","","","","","","","","","","","","","","","","","","","","","","","","","","","","","100","","99.7","","","100","","98","99","100","100","97.9","100","100","","98.5","","98.7","","99.1","99.1","","100","100","100","","","","","",
"Latin America & Caribbean","LCN","Births attended by skilled health staff (% of total)","SH.STA.BRTC.ZS","","","","","","","","","","","","","","","","","","","","","","","","","","","","","","","76.2733973905071","","","","","","","","","","86.3801091147616","","","","","","","","","","91.8828791979196","","","","","","","","","94.6285918982106","","","","","",
"Least developed countries: UN classification","LDC","Births attended by skilled health staff (% of total)","SH.STA.BRTC.ZS","","","","","","","","","","","","","","","","","","","","","","","","","","","","","","","","","","","","","","","","","30.2484265987895","","","","","","","","","","45.2046918836078","","","","","","","","","64.1425654266634","","","","","",
"Low income","LIC","Births attended by skilled health staff (% of total)","SH.STA.BRTC.ZS","","","","","","","","","","","","","","","","","","","","","","","","","","","","","","","","","","","","","","","","","32.0829538840425","","","","","","","","","","47.9847571341187","","","","","","","","","65.133826928675","","","","","",
"Liechtenstein","LIE","Births attended by skilled health staff (% of total)","SH.STA.BRTC.ZS","","","","","","","","","","","","","","","","","","","","","","","","","","","","","","","","","","","","","","","","","","","","","","","","","","","","","","","","","","","","","","","","","",
"Sri Lanka","LKA","Births attended by skilled health staff (% of total)","SH.STA.BRTC.ZS","","","","","","","","","","","","","","","","","","","","","","","","","","","","87.2","","","","","","94.1","","","","","","","96","","","","","","","98.6","","","","","","","99.95","","99.5","","","","","","","","",
"Lower middle income","LMC","Births attended by skilled health staff (% of total)","SH.STA.BRTC.ZS","","","","","","","","","","","","","","","","","","","","","","","","","","","","","","","","","","","","","","","","","42.4043041194902","","","","","","","","","","54.4707058157389","","","","","","","","","77.5998886164771","","","","","",
"Low & middle income","LMY","Births attended by skilled health staff (% of total)","SH.STA.BRTC.ZS","","","","","","","","","","","","","","","","","","","","","","","","","","","","","","","","","","","","","","","","","57.4581918448972","","","","","","","","","","66.0996482353668","","","","","","","","","81.6420589427311","","","","","",
"Lesotho","LSO","Births attended by skilled health staff (% of total)","SH.STA.BRTC.ZS","","","","","","","","","","","","","","","","","","","","","","","","","","","","","","","","","","60.9","37.6","","","","","","48.1","","","","55.4","55.4","","","","61.5","","","","","77.9","","","","86.6","","","","","","",
"Late-demographic dividend","LTE","Births attended by skilled health staff (% of total)","SH.STA.BRTC.ZS","","","","","","","","","","","","","","","","","","","","","","","","","","","","","","","90.089904622249","","","","","","","","","","94.9750195619436","","","","","","","","","","98.1045789316278","","","","","","","","","99.0304515491928","","","","","",
"Lithuania","LTU","Births attended by skilled health staff (% of total)","SH.STA.BRTC.ZS","","","","","","","","","","","","","","","","","","","","","","","","","","","","","","100","100","100","100","100","100","100","100","100","100","100","100","100","100","100","100","100","100","100","100","100","100","100","100","100","100","100","100","100","100","100","100","100","","","",
"Luxembourg","LUX","Births attended by skilled health staff (% of total)","SH.STA.BRTC.ZS","","","","","","","","","","","","","","","","","","","","","","","","","","","100","","","","","","","","","","","","","","","","99.9","99.9","","","","","","99.9","","","","","","","","","","","","","","","",
"Latvia","LVA","Births attended by skilled health staff (% of total)","SH.STA.BRTC.ZS","","","","","","","","","","","","","","","","","","","","","","","","","","","","","","100","100","100","100","100","100","100","100","100","100","100","100","99","100","99","100","100","100","99.4","99.1","98.9","98.8","98.6","98.6","98.4","98.1","99.9","99.9","99.9","","","","","","","",
"Macao SAR, China","MAC","Births attended by skilled health staff (% of total)","SH.STA.BRTC.ZS","","","","","","","","","","","","","","","","","","","","","","","","","","","","","","","","","","","","","","","","","","","","","100","","","","","","","","","","","","","","","","","","","","",
"St. Martin (French part)","MAF","Births attended by skilled health staff (% of total)","SH.STA.BRTC.ZS","","","","","","","","","","","","","","","","","","","","","","","","","","","","","","","","","","","","","","","","","","","","","","","","","","","","","","","","","","","","","","","","","",
"Morocco","MAR","Births attended by skilled health staff (% of total)","SH.STA.BRTC.ZS","","","","","","","","","","","","","","","","","","","","","","","","","24","","","26","","","","","30.8","","","39.6","","45.6","","","","","","","62.6","","","","","","74.1","73.6","","","","","","","86.6","","","","","","",
"Monaco","MCO","Births attended by skilled health staff (% of total)","SH.STA.BRTC.ZS","","","","","","","","","","","","","","","","","","","","","","","","","","","","","","","","","","","","","","","","","","","","","","","","","","","","","","","","","","","","","","","","","",
"Moldova","MDA","Births attended by skilled health staff (% of total)","SH.STA.BRTC.ZS","","","","","","","","","","","","","","","","","","","","","","","","","","","","","","100","100","100","100","100","100","100","100","99.1","98","98","98","99","99.6","99.4","99.3","99.5","99.6","99.6","99.5","99.7","99.2","99.4","99.2","99.8","99.7","99.7","99.7","99.7","99.7","99.7","99.6","99.6","","","",
"Madagascar","MDG","Births attended by skilled health staff (% of total)","SH.STA.BRTC.ZS","","","","","","","","","","","","","","","","","","","","","","","","","","","","","","","","","56.7","","","","","47.3","","","47","","","","51.3","","","","","43.9","","","","44.3","","","","","46.1","","","45.8","","","",
"Maldives","MDV","Births attended by skilled health staff (% of total)","SH.STA.BRTC.ZS","","","","","","","","","","","","","","","","","","","","","","","","","","","","","","","","","","","90","","","","","","","70.3","","","84","91.6","94.2","96.3","98.3","94.8","98.2","98.8","95.5","95.6","95.6","","","99.5","","","","","","","",
"Middle East & North Africa","MEA","Births attended by skilled health staff (% of total)","SH.STA.BRTC.ZS","","","","","","","","","","","","","","","","","","","","","","","","","","","","","","","","","","","","","","","","","77.22720938691","","","","","","","","","","81.7486718627448","","","","","","","","","","","","","","",
"Mexico","MEX","Births attended by skilled health staff (% of total)","SH.STA.BRTC.ZS","","","","","","","","","","","","","","","","","","","","","","","","","","","","69.4","","","83.8","","","","","","","85.7","","","88.6","88","88.9","89.6","90.3","91.1","93.4","92.7","93.3","95.3","94.5","95.3","99.6","96.1","95.6","97.7","98","96.6","","","","","","","",
"Marshall Islands","MHL","Births attended by skilled health staff (% of total)","SH.STA.BRTC.ZS","","","","","","","","","","","","","","","","","","","","","","","","","","","","","","","","","","","","","","","94.9","","","","95","","","","","86.2","","86.5","90","90.1","","","","","","92.4","","","","","","","",
"Middle income","MIC","Births attended by skilled health staff (% of total)","SH.STA.BRTC.ZS","","","","","","","","","","","","","","","","","","","","","","","","","","","","","","","","","","","","","","","","","60.7225508113223","","","","","","","","","","69.5865223613023","","","","","","","","","84.7180621015482","","","","","",
"North Macedonia","MKD","Births attended by skilled health staff (% of total)","SH.STA.BRTC.ZS","","","","","","","","","","","","","","","","","","","","","","","","","","","","","","87.8","88.9","89.3","90.9","93.3","93.4","94.1","95","95.6","96.6","97","97.7","97.6","98.2","99","99","99.1","97.8","99.6","99.7","99.8","99.9","89.1","99.9","99.9","99.9","99.9","99.9","99.9","99.9","100","100","100","","","",
"Mali","MLI","Births attended by skilled health staff (% of total)","SH.STA.BRTC.ZS","","","","","","","","","","","","","","","","","","","","","","","","","","","","26.2","","","","","","","","","40","","","","","40.6","","","","","49","","","","28.1","","","58.6","","43.7","","","67.3","","","","","","",
"Malta","MLT","Births attended by skilled health staff (% of total)","SH.STA.BRTC.ZS","","","","","","","","","","","","","","","","","","","","","","","","","","","","","","","","","","98","","","","","","","","99.9","99.5","99.5","99.9","99.7","98.8","99.8","99.9","99.8","99.8","99.8","99.5","99.9","99.9","99.8","99.8","99.7","99.7","99.7","99.9","99.8","","","",
"Myanmar","MMR","Births attended by skilled health staff (% of total)","SH.STA.BRTC.ZS","","","","","","","","","","","","","","","","","","","","","","","","","","","","","","","","46.3","","","","","","56.4","","","","57","","67.5","","","","63.9","","","70.6","","","","","","60.2","","","","","","","","",
"Middle East & North Africa (excluding high income)","MNA","Births attended by skilled health staff (% of total)","SH.STA.BRTC.ZS","","","","","","","","","","","","","","","","","","","","","","","","","","","","","","","","","","","","","","","","","75.5534837738034","","","","","","","","","","80.2853034872428","","","","","","","","","","","","","","",
"Montenegro","MNE","Births attended by skilled health staff (% of total)","SH.STA.BRTC.ZS","","","","","","","","","","","","","","","","","","","","","","","","","","","","","","","","","","","","","","","","","99.1","96.6","98","98.9","98.3","99","87.2","99.7","99.9","99.5","","","","99","","","","","98.8","","","","","","",
"Mongolia","MNG","Births attended by skilled health staff (% of total)","SH.STA.BRTC.ZS","","","","","","","","","","","","","","","","","","","","","","","","","","","","","","","","","","","","","","","97.1","","96.6","","","98.6","99.7","99.2","","","99.4","","98.8","","","98.9","98.9","","","","99.3","","","","","","",
"Northern Mariana Islands","MNP","Births attended by skilled health staff (% of total)","SH.STA.BRTC.ZS","","","","","","","","","","","","","","","","","","","","","","","","","","","","","","","","","","","","","","","","","99.6","","","","","","","","","","","","","","","","","","","","","","","","",
"Mozambique","MOZ","Births attended by skilled health staff (% of total)","SH.STA.BRTC.ZS","","","","","","","","","","","","","","","","","","","","","","","","","","","","","","","","","","","","","","44.2","","","","","","47.7","","","","","55.3","","","54.3","","","","73","","","","","","","","","",
"Mauritania","MRT","Births attended by skilled health staff (% of total)","SH.STA.BRTC.ZS","","","","","","","","","","","","","","","","","","","","","","","","","","","","","","","","40","","","","","","","","","","53.4","","","","","","57.1","","","","65.1","","","","69.3","","","","","","70.4","","","",
"Mauritius","MUS","Births attended by skilled health staff (% of total)","SH.STA.BRTC.ZS","","","","","","","","","","","","","","","","","","","","","","","","","","","","","","","91.1","94.5","96.5","96.3","97.7","98.1","97.5","97.8","98.5","99.8","99.7","","","98.4","","99.2","","","99.5","99.4","99.5","99.5","99.6","99.7","99.7","99.8","99.7","99.8","99.8","99.8","99.7","99.7","","","",
"Malawi","MWI","Births attended by skilled health staff (% of total)","SH.STA.BRTC.ZS","","","","","","","","","","","","","","","","","","","","","","","","","","","","","","","","","54.7","","","","","","","","55.6","","60.5","","56.1","56.1","53.6","","68","","71.4","","","","87.4","","89.8","","","","96.4","","","","",
"Malaysia","MYS","Births attended by skilled health staff (% of total)","SH.STA.BRTC.ZS","","","","","","","","","","","","","","","","","","","","","","","","","","","","","","","92.8","","","","","95.1","","","96.2","","96.6","96.8","97","97.6","98","98.1","98.4","98.6","98.6","98.6","98.6","98.6","98.7","98.8","99","99.4","99.5","99.6","99.6","99.6","","","","","",
"North America","NAC","Births attended by skilled health staff (% of total)","SH.STA.BRTC.ZS","","","","","","","","","","","","","","","","","","","","","","","","","","","","","","","99.1909389044237","","","","","","","","","","99.3925233040371","","","","","","","","","","99.3221330692865","","","","","","","","","99.0005072507796","","","","","",
"Namibia","NAM","Births attended by skilled health staff (% of total)","SH.STA.BRTC.ZS","","","","","","","","","","","","","","","","","","","","","","","","","","","","","","","","","68.2","","","","","","","","75.5","","","","","","","81.4","","","","","","88.2","","","","","","","","","","","",
"New Caledonia","NCL","Births attended by skilled health staff (% of total)","SH.STA.BRTC.ZS","","","","","","","","","","","","","","","","","","","","","","","","","","","","","","","","","","","","","","","","","","","","","","","","","","","","","","","","","","","","","","","","","",
"Niger","NER","Births attended by skilled health staff (% of total)","SH.STA.BRTC.ZS","","","","","","","","","","","","","","","","","","","","","","","","","","","","","","","","","14.9","","","","","","17.6","","15.7","","","","","","17.7","","","","","","29.3","","","39.7","39.1","","","","","43.7","","","",
"Nigeria","NGA","Births attended by skilled health staff (% of total)","SH.STA.BRTC.ZS","","","","","","","","","","","","","","","","","","","","","","","","","","","","","","","32","","","","","","","","","41.6","","","","35.2","","","","","34.4","","","47.3","","35.2","","","","43","43.3","","","","50.7","","",
"Nicaragua","NIC","Births attended by skilled health staff (% of total)","SH.STA.BRTC.ZS","","","","","","","","","","","","","","","","","","","","","","","","","","","","","","","","","","61","","","","","64.6","","","66.9","72.6","74.1","76","78.6","79.3","73.7","85.3","","88","89.7","87","92.4","93.4","94","94.1","94.1","","","","","","","",
"Netherlands","NLD","Births attended by skilled health staff (% of total)","SH.STA.BRTC.ZS","","","","","","","","","","","","","","","","","","","","","","","","","","","","","","","","","","","","","","","100","","","","","100","","","","","","","","","","","","","","","","","","","","","",
"Norway","NOR","Births attended by skilled health staff (% of total)","SH.STA.BRTC.ZS","","","","","","","","","","","","","","","","","","","","","","","","","","","","","100","","99.4","99.3","99.3","99.4","99.3","99.2","99.2","99.1","99.1","99.1","99","99.1","99.1","99","99.1","99.2","99.2","99.1","99.2","99.2","99.1","99.2","99.2","99.1","99.1","99.1","99.1","99.2","99.2","99.3","99.2","99.2","","","",
"Nepal","NPL","Births attended by skilled health staff (% of total)","SH.STA.BRTC.ZS","","","","","","","","","","","","","","","","","","","","","","","","","","","","","","","","7.4","","","","","9","","","","11.9","10.9","","","15.8","","18.7","","","","","36","","","55.6","","58","58","","77.2","","","","","",
"Nauru","NRU","Births attended by skilled health staff (% of total)","SH.STA.BRTC.ZS","","","","","","","","","","","","","","","","","","","","","","","","","","","","","","","","","","","","","","","","","","","","","","","","97.4","","","","","","","","","","","","","","","","","",
"New Zealand","NZL","Births attended by skilled health staff (% of total)","SH.STA.BRTC.ZS","","","","","","","","","","","","","","","","","","","","","","","","","","","","","","","","","","","95","100","","","","92","97.3","96.6","99.2","98.2","94","96.6","96.8","96.7","96.7","96.7","96.8","96.7","96.8","96.7","96.7","96.3","96.5","96.6","96.4","96.5","","","","","",
"OECD members","OED","Births attended by skilled health staff (% of total)","SH.STA.BRTC.ZS","","","","","","","","","","","","","","","","","","","","","","","","","","","","","","","","","","","","","","","","","95.4083987746184","","","","","","","","","","97.7798488673033","","","","","","","","","98.2580154239955","","","","","",
"Oman","OMN","Births attended by skilled health staff (% of total)","SH.STA.BRTC.ZS","","","","","","","","","","","","","","","","","","","","","","","","","","","","87","","","","","","","","91.1","","","","","94.7","","","","","98","98","99","98.6","98.6","98.6","98.6","98.6","98.6","99.1","98.7","98.7","98.7","98.6","98.6","99.9","","","","",
"Other small states","OSS","Births attended by skilled health staff (% of total)","SH.STA.BRTC.ZS","","","","","","","","","","","","","","","","","","","","","","","","","","","","","","","","","","","","","","","","","72.1681967205489","","","","","","","","","","81.6350261413056","","","","","","","","","90.0184871134531","","","","","",
"Pakistan","PAK","Births attended by skilled health staff (% of total)","SH.STA.BRTC.ZS","","","","","","","","","","","","","","","","","","","","","","","","","","","","","","","","17.2","","","","","","18","","18","","23","23","","","31","56","38.8","40","41","","43","51","52.1","","59","","","69.3","73.7","68","","","","",
"Panama","PAN","Births attended by skilled health staff (% of total)","SH.STA.BRTC.ZS","","","","","","","","","","","","","","","","","","","","","","","","","","","","","","","","","85.8","86.9","88","88.3","89.9","89.5","90","90.1","90.5","92.1","94.2","92.5","91.3","91.1","91","91.5","91.8","88.6","92.7","93.5","94.3","91.4","93.9","96.3","94.6","94.2","92.9","95","","","","","",
"Peru","PER","Births attended by skilled health staff (% of total)","SH.STA.BRTC.ZS","","","","","","","","","","","","","","","","","","","","","","","","","","","49","","","","","","80","","","","55.1","","","","59.3","","","","71.1","","71","","79.4","82.5","83.8","85","86.7","89.1","90","91.6","92.4","93.6","93.7","94.4","95.7","94.9","","","",
"Philippines","PHL","Births attended by skilled health staff (% of total)","SH.STA.BRTC.ZS","","","","","","","","","","","","","","","","","","","","","","","","","","","","","","","","","","52.8","","","","","56.4","58","58","","","59.8","","","","","62.2","","","72.2","","72.8","","","","84.4","","","","","","","",
"Palau","PLW","Births attended by skilled health staff (% of total)","SH.STA.BRTC.ZS","","","","","","","","","","","","","","","","","","","","","","","","","","","","","","","100","","","","","100","","","100","","100","","100","","","","100","100","100","99.3","99.6","100","97.4","99.1","100","100","100","100","100","100","97.2","","","","",
"Papua New Guinea","PNG","Births attended by skilled health staff (% of total)","SH.STA.BRTC.ZS","","","","","","","","","","","","","","","","","","","","","","","","","","","","","","","","","","","","42","51.3","","","","41","39","","","39","","53","","","","","","","","","","","","56.4","","","","","","",
"Poland","POL","Births attended by skilled health staff (% of total)","SH.STA.BRTC.ZS","","","","","","","","","","","","","","","","","","","","","","","","","","","99","","","99.6","97.8","99.6","99.6","99.6","99.6","99.6","99.7","99.7","99.7","99.7","99.4","99.8","99.8","99.8","99.8","99.3","99.4","99.4","99.4","99.7","99.9","99.9","99.9","99.9","99.9","99.9","99.8","99.8","99.8","99.8","99.7","99.6","","","",
"Pre-demographic dividend","PRE","Births attended by skilled health staff (% of total)","SH.STA.BRTC.ZS","","","","","","","","","","","","","","","","","","","","","","","","","","","","","","","","","","","","","","","","","43.0658716039428","","","","","","","","","","53.8064965749515","","","","","","","","","64.7368065988127","","","","","",
"Puerto Rico","PRI","Births attended by skilled health staff (% of total)","SH.STA.BRTC.ZS","","","","","","","","","","","","","","","","","","","","","","","","","","","","","","","","","","","","","","","","","","","","","99.8","","","","","","","","","","","","","","","","","","","","",
"Korea, Dem. People's Rep.","PRK","Births attended by skilled health staff (% of total)","SH.STA.BRTC.ZS","","","","","","","","","","","","","","","","","","","","","","","","","","","","","","","","","","","","","","","","","96.7","","","","97.1","","","","","100","","","","","","","","99.5","","","","","","","",
"Portugal","PRT","Births attended by skilled health staff (% of total)","SH.STA.BRTC.ZS","","","","","","","","","","","","","","","","","","","","","","","","","","","","","","98","","","","","","","","","99.7","","99.7","99.9","","","","","","","","","","99.9","99.9","99.9","99.9","99.9","99.9","99.9","99.9","99.9","98.6","","","","",
"Paraguay","PRY","Births attended by skilled health staff (% of total)","SH.STA.BRTC.ZS","","","","","","","","","","","","","","","","","","","","","","","","","","","","","","","66","","","","","","60.8","","60.8","85.6","85","85.9","85.8","85.9","77.2","87.5","90.5","90.6","87.2","93.8","95.6","95.8","95.7","96.8","96.4","96.3","95.5","97.3","97.7","92.2","","","","","",
"West Bank and Gaza","PSE","Births attended by skilled health staff (% of total)","SH.STA.BRTC.ZS","","","","","","","","","","","","","","","","","","","","","","","","","","","","","","","","","","","","","94.9","","","","97.4","","","","98.3","97","96.6","","","","99","","","","99.6","","","","","","99.7","","","","",
"Pacific island small states","PSS","Births attended by skilled health staff (% of total)","SH.STA.BRTC.ZS","","","","","","","","","","","","","","","","","","","","","","","","","","","","","","","87.1530801989524","","","","","","","","","","89.7154383614048","","","","","","","","","","","","","","","","","","","","","","","","",
"Post-demographic dividend","PST","Births attended by skilled health staff (% of total)","SH.STA.BRTC.ZS","","","","","","","","","","","","","","","","","","","","","","","","","","","","","","","","","","","","","","","","","99.4562813578332","","","","","","","","","","99.1489365079164","","","","","","","","","98.7066850341327","","","","","",
"French Polynesia","PYF","Births attended by skilled health staff (% of total)","SH.STA.BRTC.ZS","","","","","","","","","","","","","","","","","","","","","","","","","","","","","","","","","","","","","","","","","99","","","","","","","","","","","","","","","","","","","","","","","","",
"Qatar","QAT","Births attended by skilled health staff (% of total)","SH.STA.BRTC.ZS","","","","","","","","","","","","","","","","","","","","","","","","","","","","","","","100","100","100","100","","100","100","100","98","100","100","100","100","100","100","100","100","100","100","100","100","100","100","","99.9","99.9","100","100","100","100","","","","","",
"Romania","ROU","Births attended by skilled health staff (% of total)","SH.STA.BRTC.ZS","","","","","","","","","","","","","","","","","","","","","","","","","","","","","","99.9","99.8","99.9","99.7","98.9","99","99.1","99","98.3","99","98","99","99","99.1","99.2","98.9","98.1","98.2","98.8","99.4","99.5","99.5","99.4","99.5","96.6","95.4","94.3","95","93.5","93.1","91.5","93","","","","",
"Russian Federation","RUS","Births attended by skilled health staff (% of total)","SH.STA.BRTC.ZS","","","","","","","","","","","","","","","","","","","","","","","","","","","","","","99.2","99.2","99.2","99.1","99.1","99.1","99.1","99.1","99.1","99.1","99.1","99.2","99.3","99.3","99.4","99.4","99.4","99.5","99.6","99.6","99.7","99.7","99.7","99.7","99.7","99.7","99.7","99.7","99.7","99.7","99.7","99.6","","","","",
"Rwanda","RWA","Births attended by skilled health staff (% of total)","SH.STA.BRTC.ZS","","","","","","","","","","","","","","","","","","","","","","","","","","","","","","","","","25.9","","","","","","","","31.3","","","","","38.6","","","52.1","","69","69","","","","90.7","","","","","94.2","","","","",
"South Asia","SAS","Births attended by skilled health staff (% of total)","SH.STA.BRTC.ZS","","","","","","","","","","","","","","","","","","","","","","","","","","","","","","","","","","","","","","","","","35.9778934314225","","","","","","","","","","47.6802105253416","","","","","","","","","81.5372936062875","","","","","",
"Saudi Arabia","SAU","Births attended by skilled health staff (% of total)","SH.STA.BRTC.ZS","","","","","","","","","","","","","","","","","","","","","","","","","","","","","","","88","","","","","91.4","91.4","","","","91","","","","96","96","96","97","97","97","97","","","98","","98","98","99.7","99.4","94.8","","","","","",
"Sudan","SDN","Births attended by skilled health staff (% of total)","SH.STA.BRTC.ZS","","","","","","","","","","","","","","","","","","","","","","","","","","","","","","","68.5","","","","","","","","","","","","","","","","49.2","","","","72.5","","","","77.7","","","","","","","","","","",
"Senegal","SEN","Births attended by skilled health staff (% of total)","SH.STA.BRTC.ZS","","","","","","","","","","","","","","","","","","","","","","","","","","","22","","","","","","","47.2","","","","46.5","","48.3","57.8","","58","","58","51.9","","","","","","65.1","","50.5","59.1","53.2","58.6","68.4","74.2","74.5","","","","","",
"Singapore","SGP","Births attended by skilled health staff (% of total)","SH.STA.BRTC.ZS","","","","","","","","","","","","","","","","","","","","","","","","","","","","","","","","","","","","","99.7","99.7","99.7","99.7","99.7","99.6","99.7","99.7","99.7","99.7","99.7","99.7","99.8","99.7","99.7","99.7","99.7","99.6","99.7","99.7","99.7","99.6","99.6","99.6","99.6","99.6","","","",
"Solomon Islands","SLB","Births attended by skilled health staff (% of total)","SH.STA.BRTC.ZS","","","","","","","","","","","","","","","","","","","","","","","","","","","","","","","85","","","","83.5","","","","","85","","","","","","","","85.5","","","","","","","","86.2","","","","","","","","","",
"Sierra Leone","SLE","Births attended by skilled health staff (% of total)","SH.STA.BRTC.ZS","","","","","","","","","","","","","","","","","","","","","","","","","","","","","","","","","","","","","","","","","37.1","","","","","40","","","42.4","","60.8","","","59.7","","","","81.6","","86.9","","","","","",
"El Salvador","SLV","Births attended by skilled health staff (% of total)","SH.STA.BRTC.ZS","","","","","","","","","","","","","","","","","","","","","","","","","","85.4","","","90","","","","","87.4","","","","","90.4","","","","","92.4","","87.2","89.6","93.1","95.5","97.5","98","99","99.5","99.8","98","99.9","99.9","99.9","99.9","","","","","","",
"San Marino","SMR","Births attended by skilled health staff (% of total)","SH.STA.BRTC.ZS","","","","","","","","","","","","","","","","","","","","","","","","","","","","","","","","","","","","","","","","","","","","","","","","","","","","","","","","","","","","","","","","","",
"Somalia","SOM","Births attended by skilled health staff (% of total)","SH.STA.BRTC.ZS","","","","","","","","","","","","","","","","","","","","","","","","","","","","","","","","","","","","","","","","19.3","19.3","","24.8","","","","9.4","","","","","","","","","","","","","31.9","","","","","",
"Serbia","SRB","Births attended by skilled health staff (% of total)","SH.STA.BRTC.ZS","","","","","","","","","","","","","","","","","","","","","","","","","","","","","","","","","","","","98.7","98.8","","","","98","98.2","99.2","98.5","98.7","99.7","88.9","99.8","99.7","99.8","99.7","99","99","99.9","98.4","","","","","99.9","","","","","",
"Sub-Saharan Africa (excluding high income)","SSA","Births attended by skilled health staff (% of total)","SH.STA.BRTC.ZS","","","","","","","","","","","","","","","","","","","","","","","","","","","","","","","","","","","","","","","","","41.4736273721576","","","","","","","","","","51.2550406589776","","","","","","","","","64.3851945021739","","","","","",
"South Sudan","SSD","Births attended by skilled health staff (% of total)","SH.STA.BRTC.ZS","","","","","","","","","","","","","","","","","","","","","","","","","","","","","","","","","","","","","","","","","","","","","","","9.7","","","","19.4","","","","","","","","","","39.7","","","","",
"Sub-Saharan Africa","SSF","Births attended by skilled health staff (% of total)","SH.STA.BRTC.ZS","","","","","","","","","","","","","","","","","","","","","","","","","","","","","","","","","","","","","","","","","41.4769360372961","","","","","","","","","","51.2572355005381","","","","","","","","","64.3867779959824","","","","","",
"Small states","SST","Births attended by skilled health staff (% of total)","SH.STA.BRTC.ZS","","","","","","","","","","","","","","","","","","","","","","","","","","","","","","","","","","","","","","","","","78.1092498665179","","","","","","","","","","85.0556526931167","","","","","","","","","92.6422651130846","","","","","",
"Sao Tome and Principe","STP","Births attended by skilled health staff (% of total)","SH.STA.BRTC.ZS","","","","","","","","","","","","","","","","","","","","","","","","","","","","","","","","","","","","","","","","","78.6","","","76.4","","","80.7","","","81.7","","","","","92.5","","","","","96.8","","","","","",
"Suriname","SUR","Births attended by skilled health staff (% of total)","SH.STA.BRTC.ZS","","","","","","","","","","","","","","","","","","","","","","","","","","","","","","","","","","","","80","","","","","70.9","","90","","90","","86.5","90","90","90","90","","","","","90","","","98.4","","","","","","",
"Slovak Republic","SVK","Births attended by skilled health staff (% of total)","SH.STA.BRTC.ZS","","","","","","","","","","","","","","","","","","","","","","","","","","","","","","100","100","100","100","100","100","100","100","100","100","100","100","99.4","99.4","99.5","99.5","99.5","99.5","99.2","99.5","99.5","99.2","99","99.5","98.6","98.3","97","98.1","98.8","98","98.3","98.2","98","","","",
"Slovenia","SVN","Births attended by skilled health staff (% of total)","SH.STA.BRTC.ZS","","","","","","","","","","","","","","","","","","","","","","","","","","","","","","99.6","99.9","99.9","99.9","99.9","99.9","99.9","99.9","99.9","99.8","99.9","99.9","99.9","99.9","99.9","99.9","99.9","99.9","99.9","99.9","99.9","99.9","99.9","99.8","","","","","","","","","","","","",
"Sweden","SWE","Births attended by skilled health staff (% of total)","SH.STA.BRTC.ZS","","","","","","","","","","","","","","","","","","","","","","","","","","","","100","","","","","","","","","","","","","","","","","","","","","","","","","","","","","","","","","","","","","",
"Eswatini","SWZ","Births attended by skilled health staff (% of total)","SH.STA.BRTC.ZS","","","","","","","","","","","","","","","","","","","","","","","","","","","","","","","","","","","56","","","","","","65.4","","74","","","","","69","","","82","","","","88.3","","","","","","","","","","",
"Sint Maarten (Dutch part)","SXM","Births attended by skilled health staff (% of total)","SH.STA.BRTC.ZS","","","","","","","","","","","","","","","","","","","","","","","","","","","","","","","","","","","","","","","","","","","","","","","","","","","","","","","","","","","","","","","","","",
"Seychelles","SYC","Births attended by skilled health staff (% of total)","SH.STA.BRTC.ZS","","","","","","","","","","","","","","","","","","","","","","","","","","","","","","","98","","","","","99","","","","","99","","","","","99","99","100","100","99","99","99","99","","","","","","","98.8","99.5","","","","",
"Syrian Arab Republic","SYR","Births attended by skilled health staff (% of total)","SH.STA.BRTC.ZS","","","","","","","","","","","","","","","","","","","","","","","","","","","","","","","","","","76.9","","","","","","","","","","","89.7","","91.5","","","96.2","","","","","","","","","","","","","","","",
"Turks and Caicos Islands","TCA","Births attended by skilled health staff (% of total)","SH.STA.BRTC.ZS","","","","","","","","","","","","","","","","","","","","","","","","","","","","","","","","","","","","","","","100","88.2","","","","","100","99.1","100","","","","","","","","","","","","","","100","","","","",
"Chad","TCD","Births attended by skilled health staff (% of total)","SH.STA.BRTC.ZS","","","","","","","","","","","","","","","","","","","","","","","","","","","","","","","","","","","","","","12.2","","","13.7","","","","14.4","","","","","","16.6","","","","","24.3","","","","47.2","","","","","",
"East Asia & Pacific (IDA & IBRD countries)","TEA","Births attended by skilled health staff (% of total)","SH.STA.BRTC.ZS","","","","","","","","","","","","","","","","","","","","","","","","","","","","","","","83.91447700993","","","","","","","","","","84.0208098471743","","","","","","","","","","91.6897079956173","","","","","","","","","95.3399242006113","","","","","",
"Europe & Central Asia (IDA & IBRD countries)","TEC","Births attended by skilled health staff (% of total)","SH.STA.BRTC.ZS","","","","","","","","","","","","","","","","","","","","","","","","","","","","","","","98.4806560185241","","","","","","","","","","92.6110660648185","","","","","","","","","","98.2846409369275","","","","","","","","","98.5145092860961","","","","","",
"Togo","TGO","Births attended by skilled health staff (% of total)","SH.STA.BRTC.ZS","","","","","","","","","","","","","","","","","","","","","","","","","","","","","45.7","","","","","","","","","","50.5","","35.4","","","60.8","","","52.4","","","","43.9","","","","44.6","","","69.4","","","","","","","",
"Thailand","THA","Births attended by skilled health staff (% of total)","SH.STA.BRTC.ZS","","","","","","","","","","","","","","","","","","","","","","","","","","","","65.9","","","","","","","","","","","","","99.3","","","","","","96.9","","","99.4","","","99.6","99.6","","","99.1","","","99.1","","","","","",
"Tajikistan","TJK","Births attended by skilled health staff (% of total)","SH.STA.BRTC.ZS","","","","","","","","","","","","","","","","","","","","","","","","","","","","","","93.6","","90.3","","","82.6","80.9","79","72.6","74.1","66.6","70.7","81.1","88.7","88.1","75.1","82.4","78.3","88.4","85","87.1","87.7","89","87.4","90.8","90.3","98","","94.8","","","","","","","",
"Turkmenistan","TKM","Births attended by skilled health staff (% of total)","SH.STA.BRTC.ZS","","","","","","","","","","","","","","","","","","","","","","","","","","","","","","","","","","","","","95.8","","","","97.2","","97.2","99.5","98.5","99.7","99.5","","","","","","","","","","100","","","100","","","","","",
"Latin America & the Caribbean (IDA & IBRD countries)","TLA","Births attended by skilled health staff (% of total)","SH.STA.BRTC.ZS","","","","","","","","","","","","","","","","","","","","","","","","","","","","","","","75.8175689429655","","","","","","","","","","86.200902301313","","","","","","","","","","91.7815594094968","","","","","","","","","94.5669699883014","","","","","",
"Timor-Leste","TLS","Births attended by skilled health staff (% of total)","SH.STA.BRTC.ZS","","","","","","","","","","","","","","","","","","","","","","","","","","","","","","","","","","","","","","25.8","","","","","24","18.4","","","","","","","29.3","","","","","","56.7","","","","","","","","",
"Middle East & North Africa (IDA & IBRD countries)","TMN","Births attended by skilled health staff (% of total)","SH.STA.BRTC.ZS","","","","","","","","","","","","","","","","","","","","","","","","","","","","","","","","","","","","","","","","","75.0389539423355","","","","","","","","","","79.9693503836731","","","","","","","","","","","","","","",
"Tonga","TON","Births attended by skilled health staff (% of total)","SH.STA.BRTC.ZS","","","","","","","","","","","","","","","","","","","","","","","","","","","","","","","94","92","","","","","","","","96","95","95.3","95.1","97","98","96.1","98","98","97","98.1","99","","95.5","","","","","","","98.3","","","","","",
"South Asia (IDA & IBRD)","TSA","Births attended by skilled health staff (% of total)","SH.STA.BRTC.ZS","","","","","","","","","","","","","","","","","","","","","","","","","","","","","","","","","","","","","","","","","35.9778934314225","","","","","","","","","","47.6802105253416","","","","","","","","","81.5372936062875","","","","","",
"Sub-Saharan Africa (IDA & IBRD countries)","TSS","Births attended by skilled health staff (% of total)","SH.STA.BRTC.ZS","","","","","","","","","","","","","","","","","","","","","","","","","","","","","","","","","","","","","","","","","41.4769360372961","","","","","","","","","","51.2572355005381","","","","","","","","","64.3867779959824","","","","","",
"Trinidad and Tobago","TTO","Births attended by skilled health staff (% of total)","SH.STA.BRTC.ZS","","","","","","","","","","","","","","","","","","","","","","","","","","","","97.7","","","","","","98.3","98","97.5","98","98.4","98.2","98.4","96","99.5","98.7","99.7","99.7","","96.9","","99.5","","","98","100","100","100","100","100","100","","","","","","","",
"Tunisia","TUN","Births attended by skilled health staff (% of total)","SH.STA.BRTC.ZS","","","","","","","","","","","","","","","","","","","","","","","","","","","","","69","","","","","","","81","","","","","89.9","89.9","","","","","94.6","","","","","","73.6","","","","","","99.5","","","","","","",
"Turkiye","TUR","Births attended by skilled health staff (% of total)","SH.STA.BRTC.ZS","","","","","","","","","","","","","","","","","","","","","","","","","","","","","","","","","","76","","","","","80.6","","","","","83","83","","","89.3","91.3","95","","","","97.4","97.4","99","","98","99.2","97","","","","","",
"Tuvalu","TUV","Births attended by skilled health staff (% of total)","SH.STA.BRTC.ZS","","","","","","","","","","","","","","","","","","","","","","","","","","","","","","","95","","","","","","","99","","","100","","100","","","","","93.1","","","","","","","","","","","","","99.5","","","","",
"Tanzania","TZA","Births attended by skilled health staff (% of total)","SH.STA.BRTC.ZS","","","","","","","","","","","","","","","","","","","","","","","","","","","","","","","","","52.2","","","","46.7","","","43.8","","","","","43.4","43.4","","","","","48.9","","61.4","","","","63.5","","","","","","","","",
"Uganda","UGA","Births attended by skilled health staff (% of total)","SH.STA.BRTC.ZS","","","","","","","","","","","","","","","","","","","","","","","","","","","","","","38.1","","","","","","37.8","","","","","36","39","","","","","41.9","","","","","57.4","","","","","74.2","","","","","","","","",
"Ukraine","UKR","Births attended by skilled health staff (% of total)","SH.STA.BRTC.ZS","","","","","","","","","","","","","","","","","","","","","","","","","","","","","","99.9","99.9","99.9","99.9","99.9","99.88","99.89","99.9","99.9","99.9","99.1","99.9","99.9","99.9","99.9","99.9","99.8","99.9","98.7","99.9","99.9","99.9","99.9","99","99.9","99.9","","","","","","","","","","",
"Upper middle income","UMC","Births attended by skilled health staff (% of total)","SH.STA.BRTC.ZS","","","","","","","","","","","","","","","","","","","","","","","","","","","","","","","83.7984533577277","","","","","","","","","","89.4376356601762","","","","","","","","","","95.0940424207549","","","","","","","","","97.9566171429137","","","","","",
"Uruguay","URY","Births attended by skilled health staff (% of total)","SH.STA.BRTC.ZS","","","","","","","","","","","","","","","","","","","","","","","","","","","","","","","99.4","99.3","99","98.3","98.2","98","98","98.4","99","99.8","99.7","99.6","99.7","99.7","99.5","99.9","99.9","98.6","99.6","99.7","99.8","99.5","99.9","98.2","99.9","99.9","100","100","100","100","100","","","","",
"United States","USA","Births attended by skilled health staff (% of total)","SH.STA.BRTC.ZS","","","","","","","","","","","","","","","","","","","","","","","","","","","","","","99","99.2","99.2","99.3","99.4","99.4","99.4","99.4","99.4","99.4","99.4","99.4","99.4","99.5","99.3","99.3","99.4","99.4","99.3","99.3","99.3","99.4","99.3","99.3","99.2","98.5","99.1","99.1","99.1","99.1","99","99.1","","","","",
"Uzbekistan","UZB","Births attended by skilled health staff (% of total)","SH.STA.BRTC.ZS","","","","","","","","","","","","","","","","","","","","","","","","","","","","","","","","","","","","","97.5","100","100","100","94.9","100","100","100","100","100","99.6","100","100","100","100","100","100","100","100","100","100","100","100","100","100","","99","","",
"St. Vincent and the Grenadines","VCT","Births attended by skilled health staff (% of total)","SH.STA.BRTC.ZS","","","","","","","","","","","","","","","","","","","","","","","","","","","","","","","","","","","","100","","","98","99.3","100","100","100","","100","100","","100","99.2","98.9","98.3","98.8","99.2","99","99.9","98.7","98.6","","","","","","","","",
"Venezuela, RB","VEN","Births attended by skilled health staff (% of total)","SH.STA.BRTC.ZS","","","","","","","","","","","","","","","","","","","","","","","","","","","","","","","","","","","","","","95.3","","","94","","","95","","","","","","","","98.1","96","99.2","99.5","99.3","99.3","99.1","98.7","","","","","","",
"British Virgin Islands","VGB","Births attended by skilled health staff (% of total)","SH.STA.BRTC.ZS","","","","","","","","","","","","","","","","","","","","","","","","","","","","","","","","","","","","100","","","","100","","","","","","100","","","","","","","","","","","","","","","","","","","",
"Virgin Islands (U.S.)","VIR","Births attended by skilled health staff (% of total)","SH.STA.BRTC.ZS","","","","","","","","","","","","","","","","","","","","","","","","","","","","","","","","","","","","","","","","","","","98.3","98.5","","","","","","","","","","","","","","","","","","","","","",
"Viet Nam","VNM","Births attended by skilled health staff (% of total)","SH.STA.BRTC.ZS","","","","","","","","","","","","","","","","","","","","","","","","","","","","","","","","","","","","","","77.1","","","58.8","","85","","","","83.8","","","","","91.9","","","93.8","","","","","","","96.1","","","",
"Vanuatu","VUT","Births attended by skilled health staff (% of total)","SH.STA.BRTC.ZS","","","","","","","","","","","","","","","","","","","","","","","","","","","","","","","79","","","","87","89.1","","","","88","88","","","84","","92","92.9","74","","","","","","89.4","","","","","","","","","","","",
"World","WLD","Births attended by skilled health staff (% of total)","SH.STA.BRTC.ZS","","","","","","","","","","","","","","","","","","","","","","","","","","","","","","","","","","","","","","","","","61.9638443992291","","","","","","","","","","69.4329121364743","","","","","","","","","83.2677601486231","","","","","",
"Samoa","WSM","Births attended by skilled health staff (% of total)","SH.STA.BRTC.ZS","","","","","","","","","","","","","","","","","","","","","","","","","","","","","","","76","","","","","","","","100","","80","","","","100","","","","","80.8","","","","","82.5","","","","","","88.9","","","","",
"Kosovo","XKX","Births attended by skilled health staff (% of total)","SH.STA.BRTC.ZS","","","","","","","","","","","","","","","","","","","","","","","","","","","","","","","","","","","","","","","","","","","","","","","","","","","","","","","99","","","","","","","","","","",
"Yemen, Rep.","YEM","Births attended by skilled health staff (% of total)","SH.STA.BRTC.ZS","","","","","","","","","","","","","","","","","","","","","","","","","","","","","","","","","34.3","","","","","21.7","","","","","","26.8","","","35.7","","","","","","34.4","44.7","","","","","","","","","","","",
"South Africa","ZAF","Births attended by skilled health staff (% of total)","SH.STA.BRTC.ZS","","","","","","","","","","","","","","","","","","","","","","","","","","","","","","","","","","","82","82","","","84.4","","","","","91.2","91.2","","","","94.3","","","","","","","","96.7","","","","","","","","",
"Zambia","ZMB","Births attended by skilled health staff (% of total)","SH.STA.BRTC.ZS","","","","","","","","","","","","","","","","","","","","","","","","","","","","","","","","","49.8","","","","46","46.5","","45.3","","","42.1","","","","","45.2","","","","","","","63.3","","","","80.4","80.4","","","","","",
"Zimbabwe","ZWE","Births attended by skilled health staff (% of total)","SH.STA.BRTC.ZS","","","","","","","","","","","","","","","","","","","","","","","","","","","","","69.6","","","","","","69.2","","","","","72.4","","","","","","","68.5","","","60.2","","66.2","","","80","78.1","","","","86","","","","","",
